Ticker,Name,TotalReturnYTD,MarketCap,CountryOfDomicile
NOVOB DC Equity,NOVO NORDISK A/S-B,-8.27,103091.390,DENMARK
STL NO Equity,STATOIL ASA,2.43,62735.988,NORWAY
ATCOA SS Equity,ATLAS COPCO AB-A SHS,1.16,41996.362,SWEDEN
NDA SS Equity,NORDEA BANK AB,-1.47,38909.166,SWEDEN
VOLVB SS Equity,VOLVO AB-B SHS,-0.29,32159.306,SWEDEN
INVEB SS Equity,INVESTOR AB-B SHS,0.48,28482.219,SWEDEN
TEL NO Equity,TELENOR ASA,1.59,28298.006,NORWAY
DNB NO Equity,DNB ASA,2.53,26834.155,NORWAY
SWEDA SS Equity,SWEDBANK AB - A SHARES,6.82,23535.776,SWEDEN
NESN SW Equity,NESTLE SA-REG,-8.71,203865.353,SWITZERLAND
DANSKE DC Equity,DANSKE BANK A/S,2.15,31429.933,DENMARK
SHBA SS Equity,SVENSKA HANDELSBANKEN-A SHS,3.92,22437.567,SWEDEN
HMB SS Equity,HENNES & MAURITZ AB-B SHS,-19.23,22391.587,SWEDEN
SEBA SS Equity,SKANDINAVISKA ENSKILDA BAN-A,2.24,21253.311,SWEDEN
ASSAB SS Equity,ASSA ABLOY AB-B,9.30,20341.745,SWEDEN
NOVN SW Equity,NOVARTIS AG-REG,-1.04,176031.581,SWITZERLAND
ROG SW Equity,ROCHE HOLDING AG-GENUSSCHEIN,-6.77,170019.843,SWITZERLAND
ABI BB Equity,ANHEUSER-BUSCH INBEV SA/NV,0.83,188657.778,BELGIUM
ERICB SS Equity,ERICSSON LM-B SHS,5.37,18704.786,SWEDEN
RDSA LN Equity,ROYAL DUTCH SHELL PLC-A SHS,-7.79,213924.951,NETHERLANDS
SAND SS Equity,SANDVIK AB,4.35,18694.936,SWEDEN
HEXAB SS Equity,HEXAGON AB-B SHS,21.12,17701.588,SWEDEN
TELIA SS Equity,TELIA CO AB,9.49,16994.334,SWEDEN
ORSTED DC Equity,ORSTED A/S,18.41,21885.738,DENMARK
HSBA LN Equity,HSBC HOLDINGS PLC,-6.09,158490.850,BRITAIN
MC FP Equity,LVMH MOET HENNESSY LOUIS VUI,0.57,124676.669,FRANCE
FP FP Equity,TOTAL SA,1.18,124463.941,FRANCE
ULVR LN Equity,UNILEVER PLC,-5.13,128543.143,BRITAIN
CARLB DC Equity,CARLSBERG AS-B,-1.21,14945.163,DENMARK
COLOB DC Equity,COLOPLAST-B,4.76,14980.227,DENMARK
SAP GR Equity,SAP SE,-5.69,108710.343,GERMANY
NHY NO Equity,NORSK HYDRO ASA,-17.82,10944.824,NORWAY
OR FP Equity,L'OREAL,-1.70,101670.288,FRANCE
NZYMB DC Equity,NOVOZYMES A/S-B SHARES,-9.45,13111.085,DENMARK
BATS LN Equity,BRITISH AMERICAN TOBACCO PLC,-15.21,108558.713,BRITAIN
BP/ LN Equity,BP PLC,-7.18,107847.743,BRITAIN
YAR NO Equity,YARA INTERNATIONAL ASA,-9.26,9736.210,NORWAY
VWS DC Equity,VESTAS WIND SYSTEMS A/S,0.86,12486.272,DENMARK
DSV DC Equity,DSV A/S,-1.96,12215.428,DENMARK
SIE GR Equity,SIEMENS AG-REG,-5.40,90508.000,GERMANY
INDUA SS Equity,INDUSTRIVARDEN AB-A SHS,-1.80,8723.945,SWEDEN
SAN SM Equity,BANCO SANTANDER SA,1.09,88635.892,SPAIN
ORK NO Equity,ORKLA ASA,-1.48,9119.015,NORWAY
ELUXB SS Equity,ELECTROLUX AB-SER B,2.57,8321.683,SWEDEN
KINVB SS Equity,KINNEVIK AB - B,8.91,8243.705,SWEDEN
ALV GR Equity,ALLIANZ SE-REG,-0.97,82978.253,GERMANY
ALFA SS Equity,ALFA LAVAL AB,1.86,8187.827,SWEDEN
SAN FP Equity,SANOFI,-8.45,82203.534,FRANCE
BAYN GR Equity,BAYER AG-REG,-6.00,80619.142,GERMANY
VOW GR Equity,VOLKSWAGEN AG,-4.80,80179.728,GERMANY
BOL SS Equity,BOLIDEN AB,3.03,7866.858,SWEDEN
BNP FP Equity,BNP PARIBAS,1.01,78679.714,FRANCE
MHG NO Equity,MARINE HARVEST,17.01,8060.055,NORWAY
BAS GR Equity,BASF SE,-7.13,77997.211,GERMANY
SKFB SS Equity,SKF AB-B SHARES,-6.75,7674.532,SWEDEN
GEN DC Equity,GENMAB A/S,22.45,10356.720,DENMARK
ITX SM Equity,INDUSTRIA DE DISENO TEXTIL,-16.30,75983.976,SPAIN
AKERBP NO Equity,AKER BP ASA,3.45,7827.611,NORWAY
AIR FP Equity,AIRBUS SE,15.51,74977.027,FRANCE
ASML NA Equity,ASML HOLDING NV,18.43,74406.088,NETHERLANDS
DAI GR Equity,DAIMLER AG-REGISTERED SHARES,-3.12,73540.626,GERMANY
GJF NO Equity,GJENSIDIGE FORSIKRING ASA,-5.75,7592.103,NORWAY
SKAB SS Equity,SKANSKA AB-B SHS,0.65,7067.131,SWEDEN
CHR DC Equity,CHR HANSEN HOLDING A/S,-9.00,9314.283,DENMARK
PNDORA DC Equity,PANDORA A/S,-8.57,9201.342,DENMARK
LUPE SS Equity,LUNDIN PETROLEUM AB,7.14,6785.246,SWEDEN
UBSG SW Equity,UBS GROUP AG-REG,-1.78,57659.316,SWITZERLAND
LUN DC Equity,H LUNDBECK A/S,7.17,9176.859,DENMARK
RIO LN Equity,RIO TINTO PLC,-2.57,75769.319,BRITAIN
SWMA SS Equity,SWEDISH MATCH AB,14.02,6640.701,SWEDEN
GSK LN Equity,GLAXOSMITHKLINE PLC,2.96,73937.915,BRITAIN
DTE GR Equity,DEUTSCHE TELEKOM AG-REG,-10.58,63041.712,GERMANY
LATOB SS Equity,INVESTMENT AB LATOUR-B SHS,-2.97,6175.697,SWEDEN
ICA SS Equity,ICA GRUPPEN AB,2.28,6001.591,SWEDEN
SCAB SS Equity,SVENSKA CELLULOSA AB SCA-B,2.33,6009.155,SWEDEN
AZN LN Equity,ASTRAZENECA PLC,-3.58,68389.882,BRITAIN
DGE LN Equity,DIAGEO PLC,-8.68,67675.594,BRITAIN
WDH DC Equity,WILLIAM DEMANT HOLDING,33.49,8072.641,DENMARK
TRELB SS Equity,TRELLEBORG AB-B SHS,12.05,5689.333,SWEDEN
INGA NA Equity,ING GROEP NV,-6.35,55232.625,NETHERLANDS
BMW GR Equity,BAYERISCHE MOTOREN WERKE AG,-1.54,55663.695,GERMANY
VOD LN Equity,VODAFONE GROUP PLC,-11.83,61336.398,BRITAIN
CS FP Equity,AXA SA,-8.61,55052.328,FRANCE
GLEN LN Equity,GLENCORE PLC,-5.37,61165.207,SWITZERLAND
SECUB SS Equity,SECURITAS AB-B SHS,0.91,5179.918,SWEDEN
ISP IM Equity,INTESA SANPAOLO,10.16,51041.003,ITALY
TEL2B SS Equity,TELE2 AB-B SHS,-0.10,5030.484,SWEDEN
HEIA NA Equity,HEINEKEN NV,0.91,50054.627,NETHERLANDS
ABBN SW Equity,ABB LTD-REG,-11.33,43094.095,SWITZERLAND
ENI IM Equity,ENI SPA,-0.59,50566.055,ITALY
HUSQB SS Equity,HUSQVARNA AB-B SHS,10.81,4933.635,SWEDEN
ENEL IM Equity,ENEL SPA,-3.91,49643.898,ITALY
SCHA NO Equity,SCHIBSTED ASA-CL A,-8.35,5232.601,NORWAY
KER FP Equity,KERING,-1.06,48680.679,FRANCE
LLOY LN Equity,LLOYDS BANKING GROUP PLC,-0.82,54573.879,BRITAIN
CFR SW Equity,CIE FINANCIERE RICHEMONT-REG,-4.08,41691.335,SWITZERLAND
DG FP Equity,VINCI SA,-4.83,48076.697,FRANCE
PRU LN Equity,PRUDENTIAL PLC,-3.04,53591.164,BRITAIN
ZURN SW Equity,ZURICH INSURANCE GROUP AG,5.29,40466.939,SWITZERLAND
DPW GR Equity,DEUTSCHE POST AG-REG,-5.74,45370.710,GERMANY
BN FP Equity,DANONE,-3.16,45185.760,FRANCE
CSGN SW Equity,CREDIT SUISSE GROUP AG-REG,0.09,38173.526,SWITZERLAND
BBVA SM Equity,BANCO BILBAO VIZCAYA ARGENTA,-6.16,44674.840,SPAIN
CON GR Equity,CONTINENTAL AG,-1.44,44441.329,GERMANY
TRYG DC Equity,TRYG A/S,-5.67,5926.253,DENMARK
AI FP Equity,AIR LIQUIDE SA,-2.24,43921.746,FRANCE
TEF SM Equity,TELEFONICA SA,0.74,42196.454,SPAIN
SSABA SS Equity,SSAB AB-A SHARES,5.77,4305.152,SWEDEN
SAABB SS Equity,SAAB AB-B,-2.58,4167.679,SWEDEN
SU FP Equity,SCHNEIDER ELECTRIC SE,-0.08,42477.395,FRANCE
ISS DC Equity,ISS A/S,-5.91,5600.811,DENMARK
TDC DC Equity,TDC A/S,30.40,5423.247,DENMARK
RB/ LN Equity,RECKITT BENCKISER GROUP PLC,-17.66,45600.106,BRITAIN
NIBEB SS Equity,NIBE INDUSTRIER AB-B SHS,-0.66,3891.676,SWEDEN
SAF FP Equity,SAFRAN SA,3.18,39540.819,FRANCE
ACA FP Equity,CREDIT AGRICOLE SA,-0.58,39091.246,FRANCE
IBE SM Equity,IBERDROLA SA,-4.20,38990.793,SPAIN
SOBI SS Equity,SWEDISH ORPHAN BIOVITRUM AB,26.45,3839.786,SWEDEN
SUBC NO Equity,SUBSEA 7 SA,-4.88,3987.253,BRITAIN
HOLMB SS Equity,HOLMEN AB-B SHARES,0.96,3719.594,SWEDEN
ORA FP Equity,ORANGE,-1.80,37440.297,FRANCE
UCG IM Equity,UNICREDIT SPA,8.54,37456.829,ITALY
BALDB SS Equity,FASTIGHETS AB BALDER-B SHRS,-4.92,3717.588,SWEDEN
GLE FP Equity,SOCIETE GENERALE SA,6.99,37059.187,FRANCE
CAST SS Equity,CASTELLUM AB,-2.75,3654.432,SWEDEN
FRE GR Equity,FRESENIUS SE & CO KGAA,0.57,36162.171,GERMANY
BARC LN Equity,BARCLAYS PLC,5.12,40635.280,BRITAIN
ADS GR Equity,ADIDAS AG,2.57,35608.595,GERMANY
RI FP Equity,PERNOD RICARD SA,2.31,35805.373,FRANCE
REN NA Equity,RELX NV,-11.06,34781.190,BRITAIN
MRK GR Equity,MERCK KGAA,-12.02,34451.799,GERMANY
JYSK DC Equity,JYSKE BANK-REG,8.58,4695.709,DENMARK
SREN SW Equity,SWISS RE AG,6.67,29014.711,SWITZERLAND
GN DC Equity,GN STORE NORD A/S,11.02,4367.284,DENMARK
LHN SW Equity,LAFARGEHOLCIM LTD-REG,-2.78,27470.015,SWITZERLAND
AMBUB DC Equity,AMBU A/S-B,15.83,4376.777,DENMARK
ENGI FP Equity,ENGIE,-7.99,32157.939,FRANCE
EDF FP Equity,EDF,4.94,31894.446,FRANCE
KBC BB Equity,KBC GROEP NV,5.78,31210.635,BELGIUM
RBS LN Equity,ROYAL BANK OF SCOTLAND GROUP,-5.54,35321.030,BRITAIN
REL LN Equity,RELX PLC,-12.51,34782.435,BRITAIN
PHIA NA Equity,KONINKLIJKE PHILIPS NV,1.30,29944.430,NETHERLANDS
DSY FP Equity,DASSAULT SYSTEMES SA,25.30,28959.839,FRANCE
MUV2 GR Equity,MUENCHENER RUECKVER AG-REG,2.60,28463.124,GERMANY
VIV FP Equity,VIVENDI,-3.03,28119.893,FRANCE
RNO FP Equity,RENAULT SA,13.20,28108.403,FRANCE
AMS SM Equity,AMADEUS IT GROUP SA,3.67,27549.277,SPAIN
NOKIA FH Equity,NOKIA OYJ,23.65,27104.442,FINLAND
DBK GR Equity,DEUTSCHE BANK AG-REGISTERED,-18.06,26826.715,GERMANY
MT NA Equity,ARCELORMITTAL,-3.36,27259.275,LUXEMBOURG
IFX GR Equity,INFINEON TECHNOLOGIES AG,3.93,26624.681,GERMANY
SCMN SW Equity,SWISSCOM AG-REG,-1.68,22515.902,SWITZERLAND
NG/ LN Equity,NATIONAL GRID PLC,-10.43,29644.955,BRITAIN
TOP DC Equity,TOPDANMARK A/S,8.99,3576.446,DENMARK
FME GR Equity,FRESENIUS MEDICAL CARE AG &,-3.39,26010.731,GERMANY
STAN LN Equity,STANDARD CHARTERED PLC,1.27,29031.695,BRITAIN
SGO FP Equity,COMPAGNIE DE SAINT GOBAIN,0.80,25441.522,FRANCE
AENA SM Equity,AENA SME SA,0.86,25785.000,SPAIN
SAMPO FH Equity,SAMPO OYJ-A SHS,-1.18,24935.298,FINLAND
LUX IM Equity,LUXOTTICA GROUP SPA,0.92,24892.460,ITALY
CPG LN Equity,COMPASS GROUP PLC,-1.44,27524.998,BRITAIN
EI FP Equity,ESSILOR INTERNATIONAL,-2.57,24487.636,FRANCE
HEIO NA Equity,HEINEKEN HOLDING NV,2.92,24208.962,NETHERLANDS
IMB LN Equity,IMPERIAL BRANDS PLC,-17.52,27086.462,BRITAIN
G IM Equity,ASSICURAZIONI GENERALI,1.64,24208.028,ITALY
BT/A LN Equity,BT GROUP PLC,-13.51,25723.965,BRITAIN
CABK SM Equity,CAIXABANK S.A,-0.39,23327.608,SPAIN
CRH ID Equity,CRH PLC,-6.67,23129.020,IRELAND
ATL IM Equity,ATLANTIA SPA,5.36,22676.029,ITALY
SKY LN Equity,SKY PLC,32.38,25613.398,BRITAIN
AD NA Equity,KONINKLIJKE AHOLD DELHAIZE N,-0.43,22816.600,NETHERLANDS
SCHP SW Equity,SCHINDLER HOLDING-PART CERT,-4.59,19220.425,SWITZERLAND
ML FP Equity,MICHELIN (CGDE),4.77,22686.170,FRANCE
BEI GR Equity,BEIERSDORF AG,-8.89,22397.760,GERMANY
AAL LN Equity,ANGLO AMERICAN PLC,12.22,25357.143,BRITAIN
UHR SW Equity,SWATCH GROUP AG/THE-BR,2.19,18716.066,SWITZERLAND
REP SM Equity,REPSOL SA,-4.24,22257.449,SPAIN
KN FP Equity,NATIXIS,5.00,21716.808,FRANCE
KNEBV FH Equity,KONE OYJ-B,-4.55,21783.094,FINLAND
IGY GR Equity,INNOGY SE,18.13,21572.201,GERMANY
DB1 GR Equity,DEUTSCHE BOERSE AG,13.58,21316.850,GERMANY
AV/ LN Equity,AVIVA PLC,2.94,23382.725,BRITAIN
TSCO LN Equity,TESCO PLC,1.22,23169.470,BRITAIN
HO FP Equity,THALES SA,7.99,20774.005,FRANCE
ABF LN Equity,ASSOCIATED BRITISH FOODS PLC,-7.73,23127.239,BRITAIN
AKZA NA Equity,AKZO NOBEL,10.16,20199.542,NETHERLANDS
EOAN GR Equity,E.ON SE,-1.23,20650.711,GERMANY
UL NA Equity,UNIBAIL-RODAMCO SE,-9.24,19137.532,FRANCE
GAS SM Equity,GAS NATURAL SDG SA,-1.30,19218.239,SPAIN
BA/ LN Equity,BAE SYSTEMS PLC,4.12,21128.642,BRITAIN
RYA ID Equity,RYANAIR HOLDINGS PLC,6.88,19027.811,IRELAND
VNA GR Equity,VONOVIA SE,-6.74,18589.064,GERMANY
ELE SM Equity,ENDESA SA,-1.96,18639.331,SPAIN
ABE SM Equity,ABERTIS INFRAESTRUCTURAS SA,0.16,18396.333,SPAIN
EBS AV Equity,ERSTE GROUP BANK AG,17.38,18085.984,AUSTRIA
STM IM Equity,STMICROELECTRONICS NV,9.73,18140.208,SWITZERLAND
KNIN SW Equity,KUEHNE + NAGEL INTL AG-REG,-13.51,15344.642,SWITZERLAND
CAP FP Equity,CAPGEMINI SE,6.73,17801.756,FRANCE
1COV GR Equity,COVESTRO AG,1.48,17860.500,GERMANY
LONN SW Equity,LONZA GROUP AG-REG,-10.41,14775.916,SWITZERLAND
TEN IM Equity,TENARIS SA,12.73,17495.558,LUXEMBOURG
UG FP Equity,PEUGEOT SA,13.62,17341.033,FRANCE
LR FP Equity,LEGRAND SA,0.30,17227.480,FRANCE
RR/ LN Equity,ROLLS-ROYCE HOLDINGS PLC,7.56,19026.285,BRITAIN
TIT IM Equity,TELECOM ITALIA SPA,13.84,16547.458,ITALY
HEI GR Equity,HEIDELBERGCEMENT AG,-8.14,16456.663,GERMANY
FORTUM FH Equity,FORTUM OYJ,11.58,16332.628,FINLAND
GEBN SW Equity,GEBERIT AG-REG,1.65,13881.660,SWITZERLAND
LGEN LN Equity,LEGAL & GENERAL GROUP PLC,-3.62,17426.003,BRITAIN
OMV AV Equity,OMV AG,-10.75,15372.000,AUSTRIA
UPM FH Equity,UPM-KYMMENE OYJ,11.19,15424.962,FINLAND
CBK GR Equity,COMMERZBANK AG,-1.91,15338.876,GERMANY
SW FP Equity,SODEXO SA,-6.92,15294.208,FRANCE
NESTE FH Equity,NESTE OYJ,10.82,15117.561,FINLAND
WPP LN Equity,WPP PLC,-10.89,16645.908,BRITAIN
GBLB BB Equity,GROUPE BRUXELLES LAMBERT SA,3.68,15041.820,BELGIUM
EN FP Equity,BOUYGUES SA,-5.89,14980.518,FRANCE
DSM NA Equity,KONINKLIJKE DSM NV,2.45,14753.481,NETHERLANDS
KYG ID Equity,KERRY GROUP PLC-A,-10.37,14324.058,IRELAND
GRF SM Equity,GRIFOLS SA,-3.05,14574.846,SPAIN
EXO IM Equity,EXOR NV,19.30,14725.100,NETHERLANDS
EXPN LN Equity,EXPERIAN PLC,-1.85,16497.155,BRITAIN
CNP FP Equity,CNP ASSURANCES,6.05,13938.355,FRANCE
HNR1 GR Equity,HANNOVER RUECK SE,9.06,13362.162,GERMANY
BAER SW Equity,JULIUS BAER GROUP LTD,2.65,11658.231,SWITZERLAND
LSE LN Equity,LONDON STOCK EXCHANGE GROUP,4.01,15452.191,BRITAIN
CA FP Equity,CARREFOUR SA,-3.41,13370.939,FRANCE
AC FP Equity,ACCOR SA,7.35,13418.736,FRANCE
EVK GR Equity,EVONIK INDUSTRIES AG,-8.45,13220.420,GERMANY
AMUN FP Equity,AMUNDI SA,-6.24,13182.821,FRANCE
TKA GR Equity,THYSSENKRUPP AG,-10.95,13521.389,GERMANY
AIBG ID Equity,AIB GROUP PLC,-10.91,13262.467,IRELAND
PUB FP Equity,PUBLICIS GROUPE,1.50,13131.943,FRANCE
FR FP Equity,VALEO SA,-11.74,13147.370,FRANCE
BOL FP Equity,BOLLORE,-0.75,13129.488,FRANCE
FERG LN Equity,FERGUSON PLC,-1.46,14896.717,SWITZERLAND
UCB BB Equity,UCB SA,1.18,13043.549,BELGIUM
SRG IM Equity,SNAM SPA,-7.09,13099.387,ITALY
IAG LN Equity,INTL CONSOLIDATED AIRLINE-DI,-3.53,14531.034,BRITAIN
ATC NA Equity,ALTICE NV - A,-9.90,12939.345,NETHERLANDS
FER SM Equity,FERROVIAL SA,-8.32,12690.161,SPAIN
OML LN Equity,OLD MUTUAL PLC,10.96,14337.774,BRITAIN
WDI GR Equity,WIRECARD AG,10.02,12912.604,GERMANY
SSE LN Equity,SSE PLC,-4.51,14137.118,BRITAIN
GALP PL Equity,GALP ENERGIA SGPS SA,-1.66,12637.780,PORTUGAL
DWNI GR Equity,DEUTSCHE WOHNEN SE,-4.00,12463.005,GERMANY
SOLB BB Equity,SOLVAY SA,1.78,12281.664,BELGIUM
NN NA Equity,NN GROUP NV,-0.66,12144.342,NETHERLANDS
LHA GR Equity,DEUTSCHE LUFTHANSA-REG,-15.69,12318.727,GERMANY
WKL NA Equity,WOLTERS KLUWER,-3.73,12106.213,NETHERLANDS
BKIA SM Equity,BANKIA SA,-2.11,11978.911,SPAIN
ADEN SW Equity,ADECCO GROUP AG-REG,-5.67,10213.019,SWITZERLAND
ATO FP Equity,ATOS SE,-6.35,11795.977,FRANCE
RWE GR Equity,RWE AG,14.68,11995.215,GERMANY
UTDI GR Equity,UNITED INTERNET AG-REG SHARE,0.73,11972.000,GERMANY
AGN NA Equity,AEGON NV,5.48,11830.195,NETHERLANDS
STERV FH Equity,STORA ENSO OYJ-R SHS,13.46,11701.823,FINLAND
ZAL GR Equity,ZALANDO SE,7.04,11739.352,GERMANY
O2D GR Equity,TELEFONICA DEUTSCHLAND HOLDI,-6.24,11612.663,GERMANY
SLHN SW Equity,SWISS LIFE HOLDING AG-REG,-1.45,9911.917,SWITZERLAND
SN/ LN Equity,SMITH & NEPHEW PLC,3.22,13117.392,BRITAIN
DRI GR Equity,1&1 DRILLISCH AG,-6.73,11339.452,GERMANY
WRT1V FH Equity,WARTSILA OYJ ABP,10.45,11189.489,FINLAND
UMI BB Equity,UMICORE,16.08,11302.368,BELGIUM
VIE FP Equity,VEOLIA ENVIRONNEMENT,-6.42,10977.164,FRANCE
SLA LN Equity,STANDARD LIFE ABERDEEN PLC,-14.77,12472.714,BRITAIN
LI FP Equity,KLEPIERRE,-3.83,11118.774,FRANCE
EDP PL Equity,EDP-ENERGIAS DE PORTUGAL SA,4.33,11214.601,PORTUGAL
KPN NA Equity,KONINKLIJKE KPN NV,-12.24,10696.239,NETHERLANDS
GFC FP Equity,GECINA SA,-7.56,10535.809,FRANCE
RBI AV Equity,RAIFFEISEN BANK INTERNATIONA,5.76,10581.988,AUSTRIA
RAND NA Equity,RANDSTAD HOLDING NV,11.36,10449.716,NETHERLANDS
IPN FP Equity,IPSEN,23.53,10330.359,FRANCE
SOON SW Equity,SONOVA HOLDING AG-REG,2.83,8667.022,SWITZERLAND
AMS SW Equity,AMS AG,35.67,8631.613,AUSTRIA
AHT LN Equity,ASHTEAD GROUP PLC,0.53,11254.072,BRITAIN
BVI FP Equity,BUREAU VERITAS SA,-2.11,9785.880,FRANCE
ACS SM Equity,ACS ACTIVIDADES CONS Y SERV,-4.13,9798.655,SPAIN
PST IM Equity,POSTE ITALIANE SPA,18.25,9615.582,ITALY
JMT PL Equity,JERONIMO MARTINS,-5.25,9621.893,PORTUGAL
SAB SM Equity,BANCO DE SABADELL SA,1.15,9419.539,SPAIN
CCH LN Equity,COCA-COLA HBC AG-DI,5.08,10491.452,SWITZERLAND
EO FP Equity,FAURECIA,3.30,9267.724,FRANCE
TRN IM Equity,TERNA SPA,-4.98,9326.363,ITALY
SDR LN Equity,SCHRODERS PLC,-2.02,10249.280,BRITAIN
TUI LN Equity,TUI AG-DI,3.62,10131.194,GERMANY
AGS BB Equity,AGEAS,5.78,9000.010,BELGIUM
TLX GR Equity,TALANX AG,4.67,8812.526,GERMANY
PROX BB Equity,PROXIMUS,-2.60,8903.582,BELGIUM
FGR FP Equity,EIFFAGE,0.55,9039.867,FRANCE
III LN Equity,3I GROUP PLC,1.04,9982.552,BRITAIN
VIFN SW Equity,VIFOR PHARMA AG,10.33,7674.888,SWITZERLAND
MCRO LN Equity,MICRO FOCUS INTERNATIONAL,-19.53,9878.388,BRITAIN
MB IM Equity,MEDIOBANCA SPA,4.36,8760.550,ITALY
IHG LN Equity,INTERCONTINENTAL HOTELS GROU,-2.82,9867.418,BRITAIN
REE SM Equity,RED ELECTRICA CORPORACION SA,-12.47,8819.604,SPAIN
SY1 GR Equity,SYMRISE AG,-7.04,8632.536,GERMANY
SGRE SM Equity,SIEMENS GAMESA RENEWABLE ENE,10.63,8582.407,SPAIN
UN01 GR Equity,UNIPER SE,-4.38,8550.749,GERMANY
KGX GR Equity,KION GROUP AG,0.92,8622.932,GERMANY
SKG ID Equity,SMURFIT KAPPA GROUP PLC,28.13,8538.401,IRELAND
MAP SM Equity,MAPFRE SA,3.62,8558.079,SPAIN
AKE FP Equity,ARKEMA,7.34,8266.699,FRANCE
TEMN SW Equity,TEMENOS GROUP AG-REG,-6.80,7122.900,SWITZERLAND
HL/ LN Equity,HARGREAVES LANSDOWN PLC,-3.41,9208.324,BRITAIN
ITRK LN Equity,INTERTEK GROUP PLC,-2.89,9127.017,BRITAIN
BNR GR Equity,BRENNTAG AG,-0.70,8105.070,GERMANY
PSN LN Equity,PERSIMMON PLC,-0.99,8967.589,BRITAIN
UBI FP Equity,UBISOFT ENTERTAINMENT,11.72,8004.746,FRANCE
BIM FP Equity,BIOMERIEUX,-10.16,7918.366,FRANCE
CNA LN Equity,CENTRICA PLC,2.55,8853.801,BRITAIN
VOE AV Equity,VOESTALPINE AG,-10.50,7941.003,AUSTRIA
BIRG ID Equity,BANK OF IRELAND GROUP PLC,2.61,7896.983,IRELAND
CLN SW Equity,CLARIANT AG-REG,-13.17,6731.107,SWITZERLAND
FRA GR Equity,FRAPORT AG FRANKFURT AIRPORT,-7.77,7900.526,GERMANY
BKT SM Equity,BANKINTER SA,10.07,7857.888,SPAIN
SPR GR Equity,AXEL SPRINGER SE,10.24,7892.542,GERMANY
KGF LN Equity,KINGFISHER PLC,3.97,8617.289,BRITAIN
SGE LN Equity,SAGE GROUP PLC/THE,-10.97,8498.810,BRITAIN
ALO FP Equity,ALSTOM,-1.75,7642.296,FRANCE
MONC IM Equity,MONCLER SPA,12.92,7444.671,ITALY
DUFN SW Equity,DUFRY AG-REG,-5.11,6404.701,SWITZERLAND
SEV FP Equity,SUEZ,-19.13,7330.744,FRANCE
RCF FP Equity,TELEPERFORMANCE,6.82,7361.172,FRANCE
WCH GR Equity,WACKER CHEMIE AG,-13.59,6941.511,GERMANY
ZC FP Equity,ZODIAC AEROSPACE,0.08,7327.605,FRANCE
GKN LN Equity,GKN PLC,32.78,8361.716,BRITAIN
PIRC IM Equity,PIRELLI & C SPA,0.22,7226.000,ITALY
WTB LN Equity,WHITBREAD PLC,-1.30,8075.926,BRITAIN
BALN SW Equity,BALOISE HOLDING AG - REG,-2.24,6175.435,SWITZERLAND
MTX GR Equity,MTU AERO ENGINES AG,-7.63,7196.800,GERMANY
CPR IM Equity,DAVIDE CAMPARI-MILANO SPA,-4.73,7126.416,ITALY
G1A GR Equity,GEA GROUP AG,-7.52,6783.541,GERMANY
DHER GR Equity,DELIVERY HERO AG,18.00,7113.807,GERMANY
BRBY LN Equity,BURBERRY GROUP PLC,-7.37,7796.505,BRITAIN
NXT LN Equity,NEXT PLC,7.53,7747.498,BRITAIN
BNZL LN Equity,BUNZL PLC,-1.30,7810.936,BRITAIN
EDEN FP Equity,EDENRED,20.39,6782.694,FRANCE
LAND LN Equity,LAND SECURITIES GROUP PLC,-7.62,7697.449,BRITAIN
OSR GR Equity,OSRAM LICHT AG,-11.68,6819.468,GERMANY
COLR BB Equity,COLRUYT SA,3.62,6712.275,BELGIUM
SCR FP Equity,SCOR SE,3.50,6663.141,FRANCE
FDR FP Equity,FONCIERE DES REGIONS,-5.75,6670.296,FRANCE
PPB LN Equity,PADDY POWER BETFAIR PLC,-11.16,7443.917,IRELAND
GET FP Equity,GROUPE EUROTUNNEL,12.22,6583.500,FRANCE
PSM GR Equity,PROSIEBENSAT.1 MEDIA SE,-1.41,6379.540,GERMANY
TNET BB Equity,TELENET GROUP HOLDING NV,-3.60,6609.772,BELGIUM
AT1 GR Equity,AROUNDTOWN SA,-2.12,6467.307,GERMANY
SPSN SW Equity,SWISS PRIME SITE-REG,1.22,5574.607,SWITZERLAND
RSA LN Equity,RSA INSURANCE GROUP PLC,2.51,7287.747,BRITAIN
DEC FP Equity,JCDECAUX SA,-9.12,6462.769,FRANCE
LOGN SW Equity,LOGITECH INTERNATIONAL-REG,13.80,5534.984,SWITZERLAND
EDPR PL Equity,EDP RENOVAVEIS SA,6.22,6485.611,SPAIN
EZJ LN Equity,EASYJET PLC,12.59,7346.451,BRITAIN
ASC LN Equity,ASOS PLC,13.57,7142.335,BRITAIN
SMIN LN Equity,SMITHS GROUP PLC,7.38,7109.563,BRITAIN
BLND LN Equity,BRITISH LAND CO PLC,-6.02,7129.423,BRITAIN
LXS GR Equity,LANXESS AG,3.82,6304.100,GERMANY
KSP ID Equity,KINGSPAN GROUP PLC,-3.75,6272.336,IRELAND
JMAT LN Equity,JOHNSON MATTHEY PLC,5.69,6998.911,BRITAIN
FBK IM Equity,FINECOBANK SPA,20.68,6255.418,ITALY
HLE GR Equity,HELLA GMBH & CO KGAA,9.17,6244.445,GERMANY
REC IM Equity,RECORDATI SPA,-19.97,6152.463,ITALY
TW/ LN Equity,TAYLOR WIMPEY PLC,-9.35,6862.061,BRITAIN
CRDA LN Equity,CRODA INTERNATIONAL PLC,5.22,6829.531,BRITAIN
ELISA FH Equity,ELISA OYJ,11.83,6072.590,FINLAND
ITV LN Equity,ITV PLC,-8.13,6806.186,BRITAIN
SGRO LN Equity,SEGRO PLC,3.48,6893.955,BRITAIN
STJ LN Equity,ST JAMES'S PLACE PLC,-6.20,6730.193,BRITAIN
DCC LN Equity,DCC PLC,-9.11,6918.967,IRELAND
OERL SW Equity,OC OERLIKON CORP AG-REG,7.17,5200.683,SWITZERLAND
PSON LN Equity,PEARSON PLC,4.21,6709.389,BRITAIN
PRY IM Equity,PRYSMIAN SPA,-0.70,5957.408,ITALY
INF LN Equity,INFORMA PLC,-1.30,6649.942,BRITAIN
POM FP Equity,PLASTIC OMNIUM,2.05,5886.582,FRANCE
RMG LN Equity,ROYAL MAIL PLC,25.44,6365.918,BRITAIN
RUI FP Equity,RUBIS,1.31,5581.154,FRANCE
RRS LN Equity,RANDGOLD RESOURCES LTD,-19.22,6474.722,JERSEY
RF FP Equity,EURAZEO SA,1.17,5597.191,FRANCE
HTO GA Equity,HELLENIC TELECOMMUN ORGANIZA,-0.09,5695.548,GREECE
MRL SM Equity,MERLIN PROPERTIES SOCIMI SA,5.88,5674.831,SPAIN
B4B GR Equity,METRO AG,-3.58,5546.682,GERMANY
ADM LN Equity,ADMIRAL GROUP PLC,-2.82,6185.379,BRITAIN
LEG GR Equity,LEG IMMOBILIEN AG,-7.50,5580.780,GERMANY
BPOST BB Equity,BPOST SA,9.67,5596.026,BELGIUM
BDEV LN Equity,BARRATT DEVELOPMENTS PLC,-15.21,6194.758,BRITAIN
US IM Equity,UNIPOLSAI ASSICURAZIONI SPA,0.46,5583.032,ITALY
SMDS LN Equity,DS SMITH PLC,-1.57,6080.846,BRITAIN
ALD FP Equity,ALD SA,3.76,5431.153,FRANCE
DLG LN Equity,DIRECT LINE INSURANCE GROUP,3.01,5951.823,BRITAIN
CLNX SM Equity,CELLNEX TELECOM SAU,8.62,5379.685,SPAIN
SBRY LN Equity,SAINSBURY (J) PLC,1.53,5970.487,BRITAIN
LDO IM Equity,LEONARDO SPA,-6.67,5320.140,ITALY
BMED IM Equity,BANCA MEDIOLANUM SPA,0.21,5344.645,ITALY
MRW LN Equity,WM MORRISON SUPERMARKETS,2.96,6020.533,BRITAIN
JE/ LN Equity,JUST EAT PLC,0.08,6038.155,BRITAIN
ASRNL NA Equity,ASR NEDERLAND NV,4.36,5203.800,NETHERLANDS
ELE FP Equity,EULER HERMES GROUP,0.16,5202.279,FRANCE
BKG LN Equity,BERKELEY GROUP HOLDINGS/THE,-6.86,5851.851,BRITAIN
ENG SM Equity,ENAGAS SA,-9.43,5202.020,SPAIN
NRE1V FH Equity,NOKIAN RENKAAT OYJ,-0.90,5150.636,FINLAND
ANDR AV Equity,ANDRITZ AG,3.85,5089.760,AUSTRIA
TKA AV Equity,TELEKOM AUSTRIA AG,-1.02,5136.585,AUSTRIA
YNAP IM Equity,YOOX NET-A-PORTER GROUP,29.43,5083.880,ITALY
RTO LN Equity,RENTOKIL INITIAL PLC,-13.33,5703.397,BRITAIN
VPK NA Equity,VOPAK,6.51,4988.138,NETHERLANDS
BOSS GR Equity,HUGO BOSS AG -ORD,-2.11,5015.296,GERMANY
AALB NA Equity,AALBERTS INDUSTRIES NV,3.79,4949.565,NETHERLANDS
VACN SW Equity,VAT GROUP AG,11.50,4322.579,SWITZERLAND
KESKOB FH Equity,KESKO OYJ-B SHS,7.47,4805.843,FINLAND
UU/ LN Equity,UNITED UTILITIES GROUP PLC,-15.42,5360.251,BRITAIN
GVNV NA Equity,GRANDVISION NV,-13.36,4791.178,NETHERLANDS
CO FP Equity,CASINO GUICHARD PERRACHON,-16.71,4664.094,FRANCE
ELIS FP Equity,ELIS SA,-7.63,4619.937,FRANCE
RHM GR Equity,RHEINMETALL AG,0.47,4595.459,GERMANY
HLMA LN Equity,HALMA PLC,-3.81,5172.050,BRITAIN
A2A IM Equity,A2A SPA,-5.38,4622.601,ITALY
SDF GR Equity,K+S AG-REG,15.06,4518.954,GERMANY
MKS LN Equity,MARKS & SPENCER GROUP PLC,-11.21,5071.009,BRITAIN
LIGHT NA Equity,PHILIPS LIGHTING NV,4.84,4520.048,NETHERLANDS
GTO NA Equity,GEMALTO,0.00,4476.883,NETHERLANDS
BAMI IM Equity,BANCO BPM SPA,12.61,4500.091,ITALY
WEIR LN Equity,WEIR GROUP PLC/THE,-6.24,5011.703,BRITAIN
WAF GR Equity,SILTRONIC AG,22.63,4476.000,GERMANY
WG/ LN Equity,WOOD GROUP (JOHN) PLC,0.37,5041.271,BRITAIN
ING FP Equity,INGENICO GROUP,-20.98,4354.193,FRANCE
RXL FP Equity,REXEL SA,-4.37,4398.476,FRANCE
GLPG NA Equity,GALAPAGOS NV,8.46,4331.664,BELGIUM
UBI IM Equity,UBI BANCA SPA,4.11,4367.736,ITALY
GLB ID Equity,GLANBIA PLC,-1.68,4242.335,IRELAND
BCP PL Equity,BANCO COMERCIAL PORTUGUES-R,4.82,4419.331,PORTUGAL
OCI NA Equity,OCI NV,-2.76,4294.451,NETHERLANDS
SVT LN Equity,SEVERN TRENT PLC,-15.89,4804.298,BRITAIN
ENX FP Equity,EURONEXT NV,18.32,4186.000,NETHERLANDS
BRE IM Equity,BREMBO SPA,0.95,4287.562,ITALY
SRCG SW Equity,SUNRISE COMMUNICATIONS GROUP,6.18,3601.676,SWITZERLAND
SPX LN Equity,SPIRAX-SARCO ENGINEERING PLC,2.85,4795.197,BRITAIN
BME LN Equity,B&M EUROPEAN VALUE RETAIL SA,-0.66,4726.298,LUXEMBOURG
ETL FP Equity,EUTELSAT COMMUNICATIONS,-6.97,4134.077,FRANCE
MRO LN Equity,MELROSE INDUSTRIES PLC,0.61,4743.624,BRITAIN
RKET GR Equity,ROCKET INTERNET SE,18.25,4108.703,GERMANY
HER IM Equity,HERA SPA,-6.12,4164.750,ITALY
AF FP Equity,AIR FRANCE-KLM,-30.12,4101.170,FRANCE
GFS LN Equity,G4S PLC,-2.40,4513.419,BRITAIN
CTEC LN Equity,CONVATEC GROUP PLC,0.10,4494.587,BRITAIN
BZU IM Equity,BUZZI UNICEM SPA,-5.91,3955.026,ITALY
KAZ LN Equity,KAZ MINERALS PLC,-0.19,4579.657,BRITAIN
G24 GR Equity,SCOUT24 AG,8.49,4011.328,GERMANY
ORNBV FH Equity,ORION OYJ-CLASS B,-12.68,3899.649,FINLAND
HUH1V FH Equity,HUHTAMAKI OYJ,5.14,3925.711,FINLAND
RMV LN Equity,RIGHTMOVE PLC,-4.44,4401.826,BRITAIN
PSG SM Equity,PROSEGUR COMP SEGURIDAD,-2.87,3974.283,SPAIN
ASM NA Equity,ASM INTERNATIONAL NV,11.09,3894.833,NETHERLANDS
BWY LN Equity,BELLWAY PLC,-11.00,4375.660,BRITAIN
ZOT SM Equity,ZARDOYA OTIS SA,-8.49,3909.558,SPAIN
METSO FH Equity,METSO OYJ,-9.06,3979.718,FINLAND
MS IM Equity,MEDIASET SPA,1.58,3738.585,ITALY
EVD GR Equity,CTS EVENTIM AG & CO KGAA,3.90,3888.000,GERMANY
COL SM Equity,INMOBILIARIA COLONIAL SOCIMI,7.33,3935.269,SPAIN
DLG IM Equity,DE'LONGHI SPA,2.34,3809.260,ITALY
INW IM Equity,INFRASTRUTTURE WIRELESS ITAL,2.18,3822.000,ITALY
GEST SM Equity,GESTAMP AUTOMOCION SA,9.97,3824.293,SPAIN
IG IM Equity,ITALGAS SPA,-8.49,3870.095,ITALY
OCDO LN Equity,OCADO GROUP PLC,50.49,4261.969,BRITAIN
JD/ LN Equity,JD SPORTS FASHION PLC,15.08,4061.143,BRITAIN
MERL LN Equity,MERLIN ENTERTAINMENT,1.13,4192.666,BRITAIN
AUTO LN Equity,AUTO TRADER GROUP PLC,11.99,4177.631,BRITAIN
FCC SM Equity,FOMENTO DE CONSTRUC Y CONTRA,14.19,3720.066,SPAIN
UBM LN Equity,UBM PLC,25.37,4177.173,BRITAIN
ANA SM Equity,ACCIONA SA,-5.47,3718.435,SPAIN
SFER IM Equity,SALVATORE FERRAGAMO SPA,-1.90,3689.749,ITALY
HMSO LN Equity,HAMMERSON PLC,-17.00,4116.504,BRITAIN
MGGT LN Equity,MEGGITT PLC,-4.48,3988.575,BRITAIN
BMPS IM Equity,BANCA MONTE DEI PASCHI SIENA,-20.29,3514.374,ITALY
MTRO LN Equity,METRO BANK PLC,11.27,4005.874,BRITAIN
WIZZ LN Equity,WIZZ AIR HOLDINGS PLC,-6.93,3994.279,SWITZERLAND
BBA LN Equity,BBA AVIATION PLC,-3.17,3922.707,BRITAIN
SPM IM Equity,SAIPEM SPA,-9.67,3517.578,ITALY
CIE SM Equity,CIE AUTOMOTIVE SA,12.49,3498.480,SPAIN
BOKA NA Equity,BOSKALIS WESTMINSTER,-17.75,3385.805,NETHERLANDS
APAM NA Equity,APERAM,-6.16,3436.095,LUXEMBOURG
RPC LN Equity,RPC GROUP PLC,-5.28,3818.895,BRITAIN
BAB LN Equity,BABCOCK INTL GROUP PLC,-4.69,3819.206,BRITAIN
DLN LN Equity,DERWENT LONDON PLC,-2.34,3815.215,BRITAIN
ACX SM Equity,ACERINOX SA,1.38,3354.221,SPAIN
FNTN GR Equity,FREENET AG,-15.51,3296.291,GERMANY
TPK LN Equity,TRAVIS PERKINS PLC,-15.73,3737.929,BRITAIN
ABLX BB Equity,ABLYNX NV,111.87,3298.747,BELGIUM
CINE LN Equity,CINEWORLD GROUP PLC,-9.48,3722.830,BRITAIN
DUE GR Equity,DUERR AG,-11.22,3248.346,GERMANY
AVV LN Equity,AVEVA GROUP PLC,14.75,3679.416,BRITAIN
LCL LN Equity,LADBROKES CORAL GROUP PLC,-4.54,3687.167,BRITAIN
CEC GR Equity,CECONOMY AG,-19.46,3208.625,GERMANY
SXS LN Equity,SPECTRIS PLC,8.16,3651.137,BRITAIN
COB LN Equity,COBHAM PLC,4.91,3520.524,BRITAIN
PHNX LN Equity,PHOENIX GROUP HOLDINGS,1.98,3526.383,JERSEY
FEVR LN Equity,FEVERTREE DRINKS PLC,18.23,3291.829,BRITAIN
ICP LN Equity,INTERMEDIATE CAPITAL GROUP,-7.16,3424.502,BRITAIN
IMI LN Equity,IMI PLC,-16.13,3427.003,BRITAIN
HWDN LN Equity,HOWDEN JOINERY GROUP PLC,4.97,3418.315,BRITAIN
